{"cameraMode":{"drawMode":0,"name":"Shaded","section":"Shading Mode"},"sceneLighting":true,"audioPlay":false,"sceneViewState":{"m_AlwaysRefresh":false,"showFog":true,"showSkybox":true,"showFlares":true,"showImageEffects":true,"showParticleSystems":true,"showVisualEffectGraphs":true,"m_FxEnabled":true},"in2DMode":false,"pivot":{"x":-15.117753982543946,"y":-14.371495246887207,"z":-17.069486618041993},"rotation":{"x":-0.09918844699859619,"y":0.8979968428611755,"z":-0.2630971372127533,"w":-0.33860233426094057},"size":14.785612106323243,"orthographic":false}